2026-10-07T22:31:10.298737+00:00,4 %
2026-10-07T22:31:11.319606+00:00,0 %
2026-10-07T22:31:12.341609+00:00,3 %
2026-10-07T22:31:13.362422+00:00,4 %
2026-10-07T22:31:14.383668+00:00,4 %
2026-10-07T22:31:15.405439+00:00,4 %
2026-10-07T22:31:16.431890+00:00,0 %
2026-10-07T22:31:17.457124+00:00,96 %
2026-10-07T22:31:18.485462+00:00,96 %
2026-10-07T22:31:19.510505+00:00,96 %
2026-10-07T22:31:20.531171+00:00,96 %
2026-10-07T22:31:21.553205+00:00,4 %
2026-10-07T22:31:22.575734+00:00,4 %
2026-10-07T22:31:23.598439+00:00,4 %
2026-10-07T22:31:24.621632+00:00,4 %
2026-10-07T22:31:25.644490+00:00,4 %
2026-10-07T22:31:26.666676+00:00,4 %
2026-10-07T22:31:27.688638+00:00,0 %
2026-10-07T22:31:28.712446+00:00,3 %
2026-10-07T22:31:29.735128+00:00,4 %
2026-10-07T22:31:30.757260+00:00,0 %
2026-10-07T22:31:31.785300+00:00,91 %
