2026/10/07 11:55:28.415, 0 %
2026/10/07 11:55:28.922, 0 %
2026/10/07 11:55:29.422, 0 %
2026/10/07 11:55:29.923, 0 %
2026/10/07 11:55:30.423, 0 %
2026/10/07 11:55:30.924, 0 %
2026/10/07 11:55:31.424, 0 %
2026/10/07 11:55:31.925, 0 %
2026/10/07 11:55:32.425, 0 %
2026/10/07 11:55:32.925, 0 %
2026/10/07 11:55:33.426, 0 %
2026/10/07 11:55:33.926, 0 %
2026/10/07 11:55:34.427, 0 %
2026/10/07 11:55:34.927, 0 %
2026/10/07 11:55:35.428, 0 %
2026/10/07 11:55:35.928, 0 %
2026/10/07 11:55:36.428, 0 %
2026/10/07 11:55:36.929, 0 %
2026/10/07 11:55:37.429, 0 %
2026/10/07 11:55:37.929, 0 %
2026/10/07 11:55:38.430, 0 %
2026/10/07 11:55:38.930, 0 %
2026/10/07 11:55:39.430, 0 %
2026/10/07 11:55:39.931, 0 %
2026/10/07 11:55:40.431, 0 %
2026/10/07 11:55:40.932, 0 %
2026/10/07 11:55:41.432, 0 %
2026/10/07 11:55:41.933, 0 %
2026/10/07 11:55:42.433, 0 %
2026/10/07 11:55:42.934, 0 %
2026/10/07 11:55:43.434, 0 %
2026/10/07 11:55:43.934, 0 %
2026/10/07 11:55:44.435, 0 %
2026/10/07 11:55:44.935, 0 %
2026/10/07 11:55:45.435, 0 %
2026/10/07 11:55:45.935, 0 %
2026/10/07 11:55:46.435, 0 %
2026/10/07 11:55:46.936, 0 %
2026/10/07 11:55:47.436, 0 %
2026/10/07 11:55:47.936, 0 %
2026/10/07 11:55:48.436, 0 %
2026/10/07 11:55:48.936, 0 %
2026/10/07 11:55:49.436, 0 %
2026/10/07 11:55:49.937, 0 %
2026/10/07 11:55:50.437, 0 %
2026/10/07 11:55:50.937, 0 %
2026/10/07 11:55:51.437, 0 %
2026/10/07 11:55:51.937, 0 %
2026/10/07 11:55:52.438, 0 %
2026/10/07 11:55:52.938, 0 %
2026/10/07 11:55:53.439, 96 %
2026/10/07 11:55:53.939, 96 %
2026/10/07 11:55:54.440, 68 %
2026/10/07 11:55:54.940, 68 %
2026/10/07 11:55:55.440, 3 %
2026/10/07 11:55:55.941, 3 %
2026/10/07 11:55:56.441, 6 %
2026/10/07 11:55:56.941, 6 %
2026/10/07 11:55:57.442, 0 %
2026/10/07 11:55:57.942, 0 %
2026/10/07 11:55:58.442, 0 %
2026/10/07 11:55:58.943, 0 %
2026/10/07 11:55:59.443, 0 %
2026/10/07 11:55:59.943, 0 %
2026/10/07 11:56:00.443, 0 %
2026/10/07 11:56:00.944, 0 %
2026/10/07 11:56:01.445, 0 %
2026/10/07 11:56:01.945, 0 %
2026/10/07 11:56:02.445, 0 %
2026/10/07 11:56:02.946, 0 %
2026/10/07 11:56:03.446, 0 %
2026/10/07 11:56:03.947, 0 %
2026/10/07 11:56:04.447, 0 %
2026/10/07 11:56:04.948, 0 %
2026/10/07 11:56:05.448, 0 %
2026/10/07 11:56:05.949, 0 %
2026/10/07 11:56:06.449, 0 %
2026/10/07 11:56:06.950, 0 %
2026/10/07 11:56:07.450, 0 %
2026/10/07 11:56:07.951, 0 %
2026/10/07 11:56:08.451, 0 %
2026/10/07 11:56:08.952, 0 %
2026/10/07 11:56:09.452, 0 %
2026/10/07 11:56:09.953, 0 %
2026/10/07 11:56:10.453, 0 %
2026/10/07 11:56:10.954, 0 %
2026/10/07 11:56:11.454, 0 %
2026/10/07 11:56:11.955, 0 %
2026/10/07 11:56:12.455, 0 %
2026/10/07 11:56:12.956, 0 %
2026/10/07 11:56:13.457, 0 %
2026/10/07 11:56:13.957, 0 %
2026/10/07 11:56:14.458, 0 %
2026/10/07 11:56:14.958, 0 %
2026/10/07 11:56:15.459, 0 %
2026/10/07 11:56:15.959, 0 %
2026/10/07 11:56:16.459, 0 %
2026/10/07 11:56:16.960, 0 %
2026/10/07 11:56:17.460, 0 %
2026/10/07 11:56:17.961, 0 %
2026/10/07 11:56:18.461, 0 %
2026/10/07 11:56:18.962, 0 %
2026/10/07 11:56:19.462, 0 %
2026/10/07 11:56:19.962, 0 %
2026/10/07 11:56:20.463, 0 %
2026/10/07 11:56:20.964, 0 %
2026/10/07 11:56:21.464, 0 %
2026/10/07 11:56:21.965, 0 %
2026/10/07 11:56:22.465, 0 %
2026/10/07 11:56:22.966, 0 %
2026/10/07 11:56:23.466, 0 %
2026/10/07 11:56:23.967, 0 %
2026/10/07 11:56:24.467, 0 %
2026/10/07 11:56:24.968, 0 %
2026/10/07 11:56:25.468, 0 %
2026/10/07 11:56:25.969, 0 %
2026/10/07 11:56:26.469, 0 %
2026/10/07 11:56:26.969, 0 %
2026/10/07 11:56:27.470, 0 %
2026/10/07 11:56:27.970, 0 %
2026/10/07 11:56:28.471, 0 %
2026/10/07 11:56:28.971, 0 %
2026/10/07 11:56:29.472, 0 %
2026/10/07 11:56:29.972, 0 %
2026/10/07 11:56:30.473, 0 %
2026/10/07 11:56:30.973, 0 %
2026/10/07 11:56:31.474, 0 %
2026/10/07 11:56:31.974, 0 %
2026/10/07 11:56:32.475, 0 %
2026/10/07 11:56:32.975, 0 %
2026/10/07 11:56:33.476, 0 %
2026/10/07 11:56:33.977, 0 %
2026/10/07 11:56:34.477, 0 %
2026/10/07 11:56:34.978, 0 %
2026/10/07 11:56:35.478, 0 %
2026/10/07 11:56:35.979, 0 %
2026/10/07 11:56:36.479, 0 %
2026/10/07 11:56:36.980, 0 %
2026/10/07 11:56:37.480, 0 %
2026/10/07 11:56:37.980, 0 %
2026/10/07 11:56:38.481, 0 %
2026/10/07 11:56:38.982, 0 %
2026/10/07 11:56:39.482, 0 %
2026/10/07 11:56:39.982, 0 %
2026/10/07 11:56:40.483, 0 %
2026/10/07 11:56:40.983, 0 %
2026/10/07 11:56:41.484, 0 %
2026/10/07 11:56:41.984, 0 %
2026/10/07 11:56:42.485, 0 %
2026/10/07 11:56:42.986, 0 %
2026/10/07 11:56:43.486, 0 %
2026/10/07 11:56:43.987, 0 %
2026/10/07 11:56:44.487, 0 %
2026/10/07 11:56:44.988, 0 %
2026/10/07 11:56:45.488, 0 %
2026/10/07 11:56:45.989, 0 %
2026/10/07 11:56:46.490, 0 %
2026/10/07 11:56:46.990, 0 %
2026/10/07 11:56:47.491, 0 %
2026/10/07 11:56:47.991, 0 %
2026/10/07 11:56:48.492, 0 %
2026/10/07 11:56:48.992, 0 %
2026/10/07 11:56:49.493, 0 %
2026/10/07 11:56:49.993, 0 %
2026/10/07 11:56:50.494, 0 %
2026/10/07 11:56:50.994, 0 %
2026/10/07 11:56:51.495, 0 %
2026/10/07 11:56:51.996, 0 %
2026/10/07 11:56:52.496, 0 %
2026/10/07 11:56:52.997, 0 %
2026/10/07 11:56:53.497, 0 %
2026/10/07 11:56:53.998, 0 %
2026/10/07 11:56:54.498, 0 %
2026/10/07 11:56:54.999, 0 %
2026/10/07 11:56:55.499, 0 %
2026/10/07 11:56:56.000, 0 %
2026/10/07 11:56:56.500, 0 %
2026/10/07 11:56:57.000, 0 %
2026/10/07 11:56:57.501, 0 %
2026/10/07 11:56:58.002, 0 %
2026/10/07 11:56:58.502, 0 %
2026/10/07 11:56:59.003, 0 %
2026/10/07 11:56:59.503, 0 %
2026/10/07 11:57:00.003, 0 %
2026/10/07 11:57:00.504, 0 %
2026/10/07 11:57:01.004, 0 %
2026/10/07 11:57:01.505, 0 %
2026/10/07 11:57:02.006, 0 %
2026/10/07 11:57:02.506, 0 %
2026/10/07 11:57:03.007, 0 %
2026/10/07 11:57:03.507, 0 %
2026/10/07 11:57:04.008, 0 %
2026/10/07 11:57:04.508, 0 %
2026/10/07 11:57:05.009, 0 %
2026/10/07 11:57:05.509, 0 %
2026/10/07 11:57:06.010, 0 %
2026/10/07 11:57:06.510, 0 %
2026/10/07 11:57:07.011, 0 %
2026/10/07 11:57:07.511, 0 %
2026/10/07 11:57:08.012, 0 %
2026/10/07 11:57:08.512, 0 %
2026/10/07 11:57:09.013, 0 %
2026/10/07 11:57:09.513, 0 %
2026/10/07 11:57:10.014, 0 %
2026/10/07 11:57:10.514, 0 %
2026/10/07 11:57:11.015, 0 %
2026/10/07 11:57:11.515, 0 %
2026/10/07 11:57:12.016, 0 %
2026/10/07 11:57:12.516, 0 %
2026/10/07 11:57:13.017, 0 %
2026/10/07 11:57:13.517, 0 %
2026/10/07 11:57:14.018, 0 %
2026/10/07 11:57:14.519, 0 %
2026/10/07 11:57:15.019, 0 %
2026/10/07 11:57:15.520, 0 %
2026/10/07 11:57:16.020, 0 %
2026/10/07 11:57:16.520, 0 %
2026/10/07 11:57:17.021, 0 %
2026/10/07 11:57:17.521, 0 %
2026/10/07 11:57:18.022, 0 %
2026/10/07 11:57:18.523, 0 %
2026/10/07 11:57:19.023, 0 %
2026/10/07 11:57:19.523, 0 %
2026/10/07 11:57:20.024, 0 %
2026/10/07 11:57:20.524, 0 %
2026/10/07 11:57:21.025, 0 %
2026/10/07 11:57:21.525, 0 %
2026/10/07 11:57:22.026, 0 %
2026/10/07 11:57:22.527, 0 %
2026/10/07 11:57:23.027, 0 %
2026/10/07 11:57:23.528, 0 %
2026/10/07 11:57:24.028, 0 %
2026/10/07 11:57:24.529, 0 %
2026/10/07 11:57:25.029, 0 %
2026/10/07 11:57:25.530, 0 %
2026/10/07 11:57:26.030, 0 %
2026/10/07 11:57:26.531, 0 %
2026/10/07 11:57:27.031, 0 %
2026/10/07 11:57:27.532, 0 %
2026/10/07 11:57:28.032, 0 %
