2026/10/07 11:21:13.911, 0 %, [N/A]
2026/10/07 11:21:14.118, 0 %, [N/A]
2026/10/07 11:21:14.319, 0 %, [N/A]
2026/10/07 11:21:14.519, 0 %, [N/A]
2026/10/07 11:21:14.719, 0 %, [N/A]
2026/10/07 11:21:14.920, 0 %, [N/A]
2026/10/07 11:21:15.120, 0 %, [N/A]
2026/10/07 11:21:15.321, 0 %, [N/A]
2026/10/07 11:21:15.521, 0 %, [N/A]
2026/10/07 11:21:15.721, 0 %, [N/A]
2026/10/07 11:21:15.922, 0 %, [N/A]
2026/10/07 11:21:16.122, 0 %, [N/A]
2026/10/07 11:21:16.323, 0 %, [N/A]
2026/10/07 11:21:16.523, 0 %, [N/A]
2026/10/07 11:21:16.724, 0 %, [N/A]
2026/10/07 11:21:16.924, 0 %, [N/A]
2026/10/07 11:21:17.124, 0 %, [N/A]
2026/10/07 11:21:17.325, 0 %, [N/A]
2026/10/07 11:21:17.525, 0 %, [N/A]
2026/10/07 11:21:17.725, 0 %, [N/A]
2026/10/07 11:21:17.926, 0 %, [N/A]
2026/10/07 11:21:18.127, 0 %, [N/A]
2026/10/07 11:21:18.328, 0 %, [N/A]
2026/10/07 11:21:18.529, 0 %, [N/A]
2026/10/07 11:21:18.730, 0 %, [N/A]
2026/10/07 11:21:18.930, 18 %, [N/A]
2026/10/07 11:21:19.131, 18 %, [N/A]
2026/10/07 11:21:19.331, 18 %, [N/A]
2026/10/07 11:21:19.532, 18 %, [N/A]
2026/10/07 11:21:19.732, 18 %, [N/A]
2026/10/07 11:21:19.933, 96 %, [N/A]
2026/10/07 11:21:20.133, 96 %, [N/A]
2026/10/07 11:21:20.334, 96 %, [N/A]
2026/10/07 11:21:20.535, 96 %, [N/A]
2026/10/07 11:21:20.735, 96 %, [N/A]
2026/10/07 11:21:20.936, 96 %, [N/A]
2026/10/07 11:21:21.136, 96 %, [N/A]
2026/10/07 11:21:21.337, 96 %, [N/A]
2026/10/07 11:21:21.537, 96 %, [N/A]
2026/10/07 11:21:21.738, 96 %, [N/A]
2026/10/07 11:21:21.938, 96 %, [N/A]
2026/10/07 11:21:22.139, 96 %, [N/A]
2026/10/07 11:21:22.340, 96 %, [N/A]
2026/10/07 11:21:22.540, 96 %, [N/A]
2026/10/07 11:21:22.741, 96 %, [N/A]
2026/10/07 11:21:22.941, 96 %, [N/A]
2026/10/07 11:21:23.142, 96 %, [N/A]
2026/10/07 11:21:23.342, 96 %, [N/A]
2026/10/07 11:21:23.543, 96 %, [N/A]
2026/10/07 11:21:23.743, 96 %, [N/A]
2026/10/07 11:21:23.944, 96 %, [N/A]
2026/10/07 11:21:24.144, 96 %, [N/A]
2026/10/07 11:21:24.345, 96 %, [N/A]
2026/10/07 11:21:24.545, 96 %, [N/A]
2026/10/07 11:21:24.745, 96 %, [N/A]
2026/10/07 11:21:24.946, 93 %, [N/A]
2026/10/07 11:21:25.146, 93 %, [N/A]
2026/10/07 11:21:25.347, 93 %, [N/A]
2026/10/07 11:21:25.548, 93 %, [N/A]
2026/10/07 11:21:25.748, 93 %, [N/A]
2026/10/07 11:21:25.949, 95 %, [N/A]
2026/10/07 11:21:26.149, 95 %, [N/A]
2026/10/07 11:21:26.350, 95 %, [N/A]
2026/10/07 11:21:26.550, 95 %, [N/A]
2026/10/07 11:21:26.751, 96 %, [N/A]
2026/10/07 11:21:26.951, 96 %, [N/A]
2026/10/07 11:21:27.152, 96 %, [N/A]
2026/10/07 11:21:27.352, 96 %, [N/A]
2026/10/07 11:21:27.553, 96 %, [N/A]
2026/10/07 11:21:27.753, 96 %, [N/A]
2026/10/07 11:21:27.954, 96 %, [N/A]
2026/10/07 11:21:28.154, 96 %, [N/A]
2026/10/07 11:21:28.354, 96 %, [N/A]
2026/10/07 11:21:28.555, 96 %, [N/A]
2026/10/07 11:21:28.755, 94 %, [N/A]
2026/10/07 11:21:28.956, 94 %, [N/A]
2026/10/07 11:21:29.156, 94 %, [N/A]
2026/10/07 11:21:29.357, 94 %, [N/A]
2026/10/07 11:21:29.557, 94 %, [N/A]
2026/10/07 11:21:29.757, 96 %, [N/A]
2026/10/07 11:21:29.958, 96 %, [N/A]
2026/10/07 11:21:30.158, 96 %, [N/A]
2026/10/07 11:21:30.359, 96 %, [N/A]
2026/10/07 11:21:30.559, 96 %, [N/A]
2026/10/07 11:21:30.759, 96 %, [N/A]
2026/10/07 11:21:30.960, 96 %, [N/A]
2026/10/07 11:21:31.160, 96 %, [N/A]
2026/10/07 11:21:31.361, 96 %, [N/A]
2026/10/07 11:21:31.561, 96 %, [N/A]
2026/10/07 11:21:31.762, 94 %, [N/A]
2026/10/07 11:21:31.962, 94 %, [N/A]
2026/10/07 11:21:32.162, 94 %, [N/A]
2026/10/07 11:21:32.363, 94 %, [N/A]
2026/10/07 11:21:32.564, 94 %, [N/A]
2026/10/07 11:21:32.764, 96 %, [N/A]
2026/10/07 11:21:32.964, 96 %, [N/A]
2026/10/07 11:21:33.165, 96 %, [N/A]
2026/10/07 11:21:33.365, 96 %, [N/A]
2026/10/07 11:21:33.566, 96 %, [N/A]
2026/10/07 11:21:33.766, 96 %, [N/A]
2026/10/07 11:21:33.967, 96 %, [N/A]
2026/10/07 11:21:34.167, 96 %, [N/A]
2026/10/07 11:21:34.368, 96 %, [N/A]
2026/10/07 11:21:34.568, 96 %, [N/A]
2026/10/07 11:21:34.769, 94 %, [N/A]
2026/10/07 11:21:34.969, 94 %, [N/A]
2026/10/07 11:21:35.169, 94 %, [N/A]
2026/10/07 11:21:35.370, 94 %, [N/A]
2026/10/07 11:21:35.570, 94 %, [N/A]
2026/10/07 11:21:35.771, 96 %, [N/A]
2026/10/07 11:21:35.971, 96 %, [N/A]
2026/10/07 11:21:36.171, 96 %, [N/A]
2026/10/07 11:21:36.372, 96 %, [N/A]
2026/10/07 11:21:36.572, 96 %, [N/A]
2026/10/07 11:21:36.773, 96 %, [N/A]
2026/10/07 11:21:36.973, 96 %, [N/A]
2026/10/07 11:21:37.173, 96 %, [N/A]
2026/10/07 11:21:37.374, 96 %, [N/A]
2026/10/07 11:21:37.574, 96 %, [N/A]
2026/10/07 11:21:37.775, 96 %, [N/A]
2026/10/07 11:21:37.975, 96 %, [N/A]
2026/10/07 11:21:38.176, 96 %, [N/A]
2026/10/07 11:21:38.376, 96 %, [N/A]
2026/10/07 11:21:38.577, 96 %, [N/A]
2026/10/07 11:21:38.778, 96 %, [N/A]
2026/10/07 11:21:38.978, 96 %, [N/A]
2026/10/07 11:21:39.179, 96 %, [N/A]
2026/10/07 11:21:39.379, 96 %, [N/A]
2026/10/07 11:21:39.580, 96 %, [N/A]
2026/10/07 11:21:39.780, 93 %, [N/A]
2026/10/07 11:21:39.981, 93 %, [N/A]
2026/10/07 11:21:40.181, 93 %, [N/A]
2026/10/07 11:21:40.381, 93 %, [N/A]
2026/10/07 11:21:40.582, 93 %, [N/A]
2026/10/07 11:21:40.782, 96 %, [N/A]
2026/10/07 11:21:40.983, 96 %, [N/A]
2026/10/07 11:21:41.183, 96 %, [N/A]
2026/10/07 11:21:41.383, 96 %, [N/A]
2026/10/07 11:21:41.584, 96 %, [N/A]
2026/10/07 11:21:41.784, 96 %, [N/A]
2026/10/07 11:21:41.985, 96 %, [N/A]
2026/10/07 11:21:42.185, 96 %, [N/A]
2026/10/07 11:21:42.386, 96 %, [N/A]
2026/10/07 11:21:42.586, 96 %, [N/A]
2026/10/07 11:21:42.787, 96 %, [N/A]
2026/10/07 11:21:42.987, 96 %, [N/A]
2026/10/07 11:21:43.188, 96 %, [N/A]
2026/10/07 11:21:43.388, 96 %, [N/A]
2026/10/07 11:21:43.589, 96 %, [N/A]
2026/10/07 11:21:43.789, 96 %, [N/A]
2026/10/07 11:21:43.990, 96 %, [N/A]
2026/10/07 11:21:44.190, 96 %, [N/A]
2026/10/07 11:21:44.391, 96 %, [N/A]
2026/10/07 11:21:44.591, 96 %, [N/A]
2026/10/07 11:21:44.792, 93 %, [N/A]
2026/10/07 11:21:44.992, 93 %, [N/A]
2026/10/07 11:21:45.193, 93 %, [N/A]
2026/10/07 11:21:45.393, 93 %, [N/A]
2026/10/07 11:21:45.594, 93 %, [N/A]
2026/10/07 11:21:45.794, 96 %, [N/A]
2026/10/07 11:21:45.995, 96 %, [N/A]
2026/10/07 11:21:46.196, 96 %, [N/A]
2026/10/07 11:21:46.396, 96 %, [N/A]
2026/10/07 11:21:46.597, 96 %, [N/A]
2026/10/07 11:21:46.798, 96 %, [N/A]
2026/10/07 11:21:46.998, 96 %, [N/A]
2026/10/07 11:21:47.199, 96 %, [N/A]
2026/10/07 11:21:47.399, 96 %, [N/A]
2026/10/07 11:21:47.600, 96 %, [N/A]
2026/10/07 11:21:47.800, 94 %, [N/A]
2026/10/07 11:21:48.001, 94 %, [N/A]
2026/10/07 11:21:48.201, 94 %, [N/A]
2026/10/07 11:21:48.402, 94 %, [N/A]
2026/10/07 11:21:48.603, 94 %, [N/A]
2026/10/07 11:21:48.803, 96 %, [N/A]
2026/10/07 11:21:49.004, 96 %, [N/A]
2026/10/07 11:21:49.204, 96 %, [N/A]
2026/10/07 11:21:49.405, 96 %, [N/A]
2026/10/07 11:21:49.605, 96 %, [N/A]
2026/10/07 11:21:49.805, 96 %, [N/A]
2026/10/07 11:21:50.006, 96 %, [N/A]
2026/10/07 11:21:50.207, 96 %, [N/A]
2026/10/07 11:21:50.407, 96 %, [N/A]
2026/10/07 11:21:50.608, 96 %, [N/A]
2026/10/07 11:21:50.808, 65 %, [N/A]
2026/10/07 11:21:51.009, 65 %, [N/A]
2026/10/07 11:21:51.209, 65 %, [N/A]
2026/10/07 11:21:51.409, 65 %, [N/A]
2026/10/07 11:21:51.610, 65 %, [N/A]
2026/10/07 11:21:51.810, 2 %, [N/A]
2026/10/07 11:21:52.011, 2 %, [N/A]
2026/10/07 11:21:52.211, 2 %, [N/A]
2026/10/07 11:21:52.412, 2 %, [N/A]
2026/10/07 11:21:52.612, 2 %, [N/A]
2026/10/07 11:21:52.813, 0 %, [N/A]
2026/10/07 11:21:53.013, 0 %, [N/A]
2026/10/07 11:21:53.214, 0 %, [N/A]
2026/10/07 11:21:53.414, 0 %, [N/A]
2026/10/07 11:21:53.615, 0 %, [N/A]
2026/10/07 11:21:53.815, 0 %, [N/A]
2026/10/07 11:21:54.015, 0 %, [N/A]
2026/10/07 11:21:54.215, 0 %, [N/A]
2026/10/07 11:21:54.416, 0 %, [N/A]
2026/10/07 11:21:54.616, 0 %, [N/A]
2026/10/07 11:21:54.816, 0 %, [N/A]
2026/10/07 11:21:55.016, 0 %, [N/A]
2026/10/07 11:21:55.217, 0 %, [N/A]
2026/10/07 11:21:55.417, 0 %, [N/A]
2026/10/07 11:21:55.617, 0 %, [N/A]
2026/10/07 11:21:55.817, 0 %, [N/A]
2026/10/07 11:21:56.018, 0 %, [N/A]
2026/10/07 11:21:56.218, 0 %, [N/A]
2026/10/07 11:21:56.418, 0 %, [N/A]
2026/10/07 11:21:56.618, 0 %, [N/A]
2026/10/07 11:21:56.819, 0 %, [N/A]
2026/10/07 11:21:57.019, 0 %, [N/A]
2026/10/07 11:21:57.219, 0 %, [N/A]
2026/10/07 11:21:57.419, 0 %, [N/A]
2026/10/07 11:21:57.619, 0 %, [N/A]
2026/10/07 11:21:57.820, 0 %, [N/A]
2026/10/07 11:21:58.020, 0 %, [N/A]
2026/10/07 11:21:58.221, 0 %, [N/A]
2026/10/07 11:21:58.421, 0 %, [N/A]
2026/10/07 11:21:58.622, 0 %, [N/A]
2026/10/07 11:21:58.822, 0 %, [N/A]
