2026/10/06 18:07:39.123, 96 %
2026/10/06 18:07:39.326, 96 %
2026/10/06 18:07:39.527, 96 %
2026/10/06 18:07:39.727, 31 %
2026/10/06 18:07:39.927, 31 %
2026/10/06 18:07:40.128, 31 %
2026/10/06 18:07:40.328, 31 %
2026/10/06 18:07:40.529, 31 %
2026/10/06 18:07:40.729, 0 %
2026/10/06 18:07:40.929, 0 %
2026/10/06 18:07:41.129, 0 %
2026/10/06 18:07:41.330, 0 %
2026/10/06 18:07:41.530, 0 %
2026/10/06 18:07:41.730, 0 %
2026/10/06 18:07:41.930, 0 %
2026/10/06 18:07:42.130, 0 %
2026/10/06 18:07:42.331, 0 %
2026/10/06 18:07:42.531, 0 %
2026/10/06 18:07:42.731, 0 %
2026/10/06 18:07:42.931, 0 %
2026/10/06 18:07:43.131, 0 %
2026/10/06 18:07:43.332, 0 %
2026/10/06 18:07:43.532, 0 %
2026/10/06 18:07:43.732, 62 %
2026/10/06 18:07:43.932, 62 %
2026/10/06 18:07:44.132, 62 %
2026/10/06 18:07:44.333, 62 %
2026/10/06 18:07:44.533, 62 %
2026/10/06 18:07:44.734, 96 %
2026/10/06 18:07:44.934, 96 %
2026/10/06 18:07:45.135, 96 %
2026/10/06 18:07:45.335, 96 %
2026/10/06 18:07:45.535, 96 %
2026/10/06 18:07:45.736, 42 %
2026/10/06 18:07:45.936, 42 %
2026/10/06 18:07:46.137, 42 %
2026/10/06 18:07:46.337, 42 %
2026/10/06 18:07:46.538, 42 %
2026/10/06 18:07:46.738, 0 %
2026/10/06 18:07:46.938, 0 %
2026/10/06 18:07:47.138, 0 %
2026/10/06 18:07:47.338, 0 %
2026/10/06 18:07:47.539, 0 %
2026/10/06 18:07:47.739, 0 %
2026/10/06 18:07:47.939, 0 %
2026/10/06 18:07:48.139, 0 %
2026/10/06 18:07:48.339, 0 %
2026/10/06 18:07:48.540, 0 %
2026/10/06 18:07:48.740, 4 %
2026/10/06 18:07:48.940, 4 %
2026/10/06 18:07:49.140, 4 %
2026/10/06 18:07:49.340, 4 %
2026/10/06 18:07:49.540, 4 %
2026/10/06 18:07:49.741, 0 %
2026/10/06 18:07:49.941, 0 %
2026/10/06 18:07:50.141, 0 %
2026/10/06 18:07:50.341, 0 %
2026/10/06 18:07:50.541, 0 %
2026/10/06 18:07:50.741, 0 %
2026/10/06 18:07:50.942, 0 %
2026/10/06 18:07:51.142, 0 %
2026/10/06 18:07:51.342, 0 %
2026/10/06 18:07:51.542, 0 %
2026/10/06 18:07:51.742, 0 %
2026/10/06 18:07:51.942, 0 %
2026/10/06 18:07:52.142, 0 %
2026/10/06 18:07:52.342, 0 %
2026/10/06 18:07:52.542, 0 %
2026/10/06 18:07:52.743, 0 %
2026/10/06 18:07:52.943, 0 %
2026/10/06 18:07:53.143, 0 %
2026/10/06 18:07:53.343, 0 %
2026/10/06 18:07:53.543, 0 %
2026/10/06 18:07:53.743, 0 %
2026/10/06 18:07:53.944, 0 %
2026/10/06 18:07:54.144, 0 %
2026/10/06 18:07:54.344, 0 %
2026/10/06 18:07:54.544, 0 %
2026/10/06 18:07:54.744, 0 %
2026/10/06 18:07:54.944, 0 %
2026/10/06 18:07:55.144, 0 %
2026/10/06 18:07:55.345, 0 %
2026/10/06 18:07:55.545, 0 %
2026/10/06 18:07:55.745, 0 %
2026/10/06 18:07:55.945, 0 %
2026/10/06 18:07:56.146, 0 %
2026/10/06 18:07:56.346, 0 %
2026/10/06 18:07:56.546, 0 %
2026/10/06 18:07:56.746, 0 %
2026/10/06 18:07:56.947, 0 %
2026/10/06 18:07:57.147, 0 %
2026/10/06 18:07:57.347, 0 %
2026/10/06 18:07:57.547, 0 %
2026/10/06 18:07:57.747, 0 %
2026/10/06 18:07:57.948, 0 %
2026/10/06 18:07:58.148, 0 %
2026/10/06 18:07:58.348, 0 %
2026/10/06 18:07:58.549, 0 %
2026/10/06 18:07:58.749, 0 %
2026/10/06 18:07:58.950, 0 %
2026/10/06 18:07:59.150, 0 %
2026/10/06 18:07:59.350, 0 %
2026/10/06 18:07:59.550, 0 %
2026/10/06 18:07:59.751, 0 %
2026/10/06 18:07:59.951, 0 %
2026/10/06 18:08:00.151, 0 %
2026/10/06 18:08:00.351, 0 %
2026/10/06 18:08:00.551, 0 %
2026/10/06 18:08:00.752, 0 %
2026/10/06 18:08:00.952, 0 %
2026/10/06 18:08:01.152, 0 %
2026/10/06 18:08:01.353, 0 %
2026/10/06 18:08:01.553, 0 %
2026/10/06 18:08:01.754, 0 %
2026/10/06 18:08:01.954, 0 %
2026/10/06 18:08:02.155, 0 %
2026/10/06 18:08:02.355, 0 %
2026/10/06 18:08:02.556, 0 %
2026/10/06 18:08:02.756, 0 %
2026/10/06 18:08:02.957, 0 %
2026/10/06 18:08:03.157, 0 %
2026/10/06 18:08:03.358, 0 %
2026/10/06 18:08:03.558, 0 %
2026/10/06 18:08:03.759, 0 %
2026/10/06 18:08:03.959, 0 %
2026/10/06 18:08:04.160, 0 %
2026/10/06 18:08:04.360, 0 %
2026/10/06 18:08:04.561, 0 %
2026/10/06 18:08:04.762, 0 %
2026/10/06 18:08:04.962, 0 %
2026/10/06 18:08:05.162, 0 %
2026/10/06 18:08:05.363, 0 %
2026/10/06 18:08:05.563, 0 %
2026/10/06 18:08:05.764, 0 %
2026/10/06 18:08:05.964, 0 %
2026/10/06 18:08:06.165, 0 %
2026/10/06 18:08:06.365, 0 %
2026/10/06 18:08:06.566, 0 %
2026/10/06 18:08:06.766, 0 %
2026/10/06 18:08:06.967, 0 %
2026/10/06 18:08:07.167, 0 %
2026/10/06 18:08:07.368, 0 %
2026/10/06 18:08:07.568, 0 %
2026/10/06 18:08:07.768, 0 %
2026/10/06 18:08:07.968, 0 %
2026/10/06 18:08:08.169, 0 %
2026/10/06 18:08:08.369, 0 %
2026/10/06 18:08:08.570, 0 %
2026/10/06 18:08:08.770, 27 %
2026/10/06 18:08:08.971, 27 %
